NO.,NAMA_SO,PROVINSI,ALAMAT,MASA_IZIN
1.,LPK KOTOBA CENTER CIREBON,JAWA BARAT,BTN KEDUNG BUNDER INDAH KECAMATAN,20-02-2027
2.,LPK AOTANI GLOBAL INDONESIA,BANTEN,"DESA KAYU AGUNG, KAMPUNG PISANGAN CACERE, RT 06 RW 02 KEC. SEPATAN, KAB. TANGERANG BANTEN",16-02-2027
3.,YAYASAN DWIPAYANA CIPTA KARYA,BALI,"JALAN COCOA II NO 69, BANJAR BUNUTAN, DESA KEDEWATAN, KECAMATAN UBUD, GIANYAR, BALI",29-01-2027
4.,LPK PUTRA HARAPAN BANGSA,JAWA BARAT,JALAN PASIR IMPUN NO. 21 RT 005 RW 010 KELURAHAN KARANG PAMULANG KECAMATAN MANDALAJATI,29-01-2027
5.,LPK REGISA FOUNDATION,JAWA BARAT,JL.FLAMBOYAN RAYA BS 34/30-31 KRANGGAN PERMAI,29-01-2027
6.,LPK JIRITSU NUSANTARA,JAWA BARAT,"JALAN VETERAN NO.27, RT.001, RW.005, PANARAGAN, BOGOR TENGAH",29-01-2027
7.,PT DELLA DING SHENG INDONESIA,JAWA BARAT,JL RAYA BOJONGMANGU KP CIHANJUANG DESA BOJONGMANGU KEC BOJONGMANGU KAB BEKASI,25-01-2027
8.,YAYASAN DWIPAHARA,BALI,"JL. KRISNA NO. 87A METRA KAJA YANGAPI, TEMBUKU, BANGLI,BALI,",25-01-2027
9.,LPK CHAKRA DIAN UTAMA,JAWA BARAT,JL. PARPOSTEL RAYA NO. 3 KP PEDURENAN JATILUHUR JATIASIH KOTA BEKASI,23-01-2027
10.,LPK PUTRI YANG MANDIRI,JAWA BARAT,CARINGIN V NO 182 KEL MUSTIKASARI KEC MUSTIKAJAYA,19-01-2027
11.,LPK SAKURA INDONESIA,LAMPUNG,JL. RAYA PALAS DESA BANGUNAN KECAMATAN PALAS 35593,10-01-2027
12.,LPK PASIFIC MARINE HOTEL & CRUISESHIP SCHOOL,DI YOGYAKARTA,"JALAN DAENG NO.72, BUGISAN, TAMANMARTANI,, KEPATIHAN, TAMANMARTANI, KALASAN, KABUPATEN SLEMAN, DAERAH ISTIMEWA YOGYAKARTA 55571",29-12-2026
13.,LPK HABATAKI,BALI,"JALAN RAYA PENGOSEKAN, BR PENGOSEKAN KAJA, DESA MAS, KECAMATAN UBUD, KABUPATEN GIANYAR, BALI",29-12-2026
14.,LPK BUDI AGUNG BINATARA,DKI JAKARTA,"JL. WIJAYA II, KEBAYORAN BARU, JAKARTA SELATAN 12160",29-12-2026
15.,MIRAI MUKI INDONESIA,NUSA TENGGARA BARAT,"JL. KOKOK SEGARE II NO.4, KEKALIK JAYA, KEC. SEKARBELA",29-12-2026
16.,KAMPUH WELDING INDONESIA,JAWA TIMUR,"JL. SAWO VI NO 28 BRINGIN, SAMBIKEREP",29-12-2026
17.,LPK AKARI HARAPAN SRAGEN,JAWA TENGAH,SIDOHARJO RT03/RW01 KEL.SIDOHARJO KEC.SIDOHARJO KAB.SRAGEN,29-12-2026
18.,LPK HIRO,JAWA TENGAH,"JL. SOLO - PURWODADI KM. 6,5 WONOREJO, GONDANGREJO, KARANGANYAR",29-12-2026
19.,LPK WIWITAN BARU SUKABUMI,JAWA BARAT,"JALAN GOALPARA RT. 01 RW.06 DESA/KELURAHAN SUKARAJA, KECAMATAN SUKARAJA, KABUPATEN SUKABUMI 43192",29-12-2026
20.,LPK REKADAYA KARSA UTAMA,JAWA TIMUR,"PERUM ALAM PESONA 1 BLOK E2 NO 1,RT 63 RW 11,SIDOREJO,KRIAN",29-12-2026
21.,CHUOO MANDIRI,LAMPUNG,DUSUN SIDO ASRI DESA BERNUNG KEC. GEDONG TATAAN,29-12-2026
22.,LPK JIRITSU,JAWA TENGAH,"LINGKUNGAN BEJI, RT2/RW6, BERGAS LOR, BERGAS, KAB. SEMARANG",29-12-2026
23.,LPK IWA KYO INDONESIA,JAWA TENGAH,"JL.GUNUNG SLAMET NO.107 SUKOREJO RT.01/19 KELURAHAN BANJARSARI, KECAMATAN BANJARSARI, KOTA SURAKARTA, JAWA TENGAH",29-12-2026
24.,LPK CANGGIH BRASTEL INDONESIA,JAWA BARAT,"GRAHA DEPOK MAS A1, JALAN ARIF RAHMAN HAKIM NO. 3, DEPOK, PANCORAN MAS",29-12-2026
25.,LPK BORNEO RAYA KHATULISTIWA,KALIMANTAN BARAT,JL. TEKAM KOMP GRIYA PRATAMA 1 BLOK H.10 KEL. SAIGON KEC. PONTIANAK TIMUR,29-12-2026
26.,LPK HISHOU UNIVERSAL STYLE,BALI,"BR. PENAGA, DS. YANGAPI,KEC. TEMBUKU",28-12-2026
27.,LEMBAGA PELATIHAN KERJA HAMAREN,JAWA BARAT,RUKO SIMPRUG PLAZA BLOK. A2 N0.28 JL.TAMAN SIMPRUG RAYA SERTAJAYA CIKARANG TIMUR BEKASI 17530,28-12-2026
28.,LPK KARUNIA DEWATA,BALI,"JALAN BATUR SARI GANG MAWAR MERAH NO. 1, KEDONGANAN, KUTA",28-12-2026
29.,KOMATSU TRAINING CENTER,JAWA BARAT,JL. BARANANGSIANG NO. 25 BANDUNG 40112,28-12-2026
30.,LPK MAHMUDI FUKUMOTO INDONESIA,JAWA BARAT,LINGKUNGAN SAMPORA RT01/03 NO.65 KEL.CIBINONG KEC.CIBINONG,28-12-2026
31.,KEMENTERIAN PERTANIAN R.I,DKI JAKARTA,"JL. HARSONO RM. NO. 3, RAGUNAN-JAKARTA 12550, INDONESIA",27-12-2026
32.,JURUSAN UTAMA NIPPON,NUSA TENGGARA BARAT,JALAN LESTARI NO 8 PEJERUK BANGKET AMPENAN,27-12-2026
33.,JIAEC,JAWA BARAT,"JL. IR. H. JUANDA, KAV. ADHI KARYA NO. 20, BAKTIJAYA, SUKMAJAYA",27-12-2026
34.,LPK MULIA MANDIRI INDONESIA,JAWA BARAT,"KOMP. TAMANSARI BUKIT BANDUNG RK 7 JL. A.H. NASUTION, SINDANGJAYA, MANDALAJATI.",27-12-2026
35.,LPK CANDRA PUTRA LESTARI,JAWA BARAT,"PERUMAHAN BUMI CIKARANG ASRI BLOK C6 NO 10, DESA CIANTRA,KEC CIKARANG SELATAN,",27-12-2026
36.,LPK SEIKO SUKAPURA INDONESIA,JAWA BARAT,JL. HZ MUSTOFA NO. 298 KELURAHAN TUGURAJA KECAMATAN CIHIDEUNG KOTA TASIKMALAYA 46125,27-12-2026
37.,HIROTRUST TRAINING CENTRE,SUMATERA UTARA,"PERUM MUTIARA RESIDEN A23 SENDANG REJO, KEC.BINJAI KAB.LANGKAT",27-12-2026
38.,LPK BINTANG DARMA INTAMA,JAWA TENGAH,"JL. DUWET RT.01 RW.06 KARANGASEM, LAWEYAN, SURAKARTA",27-12-2026
39.,LPK SEKAI HIKARI INDONESIA,JAWA BARAT,"JL. LAPANGAN BEKASI TENGAH NO. 34, KEL. MARGAHAYU, KEC. BEKASI TIMUR, KOTA BEKASI",27-12-2026
40.,LPK OISCA INDONESIA,JAWA BARAT,"KP. CIMENTENG RT.01/05, DS. SUKAMULYA, KEC. CIKEMBAR SUKABUMI, JAWA BARAT",27-12-2026
41.,JAYA OPTIMA TUNAS ORIENTASI,JAWA BARAT,"RUKO CELEBRATIONBOULEVARD BLOK AA 11 NO.27-29, TAMBUN SELATAN",27-12-2026
42.,LPK MITRA JINZAI INDONESIA,JAWA BARAT,PERUM PRIMA BLOK C1 NO 1 SUKAHARJA,27-12-2026
43.,LPK FUJI SUKSES MANDIRI NUSANTARA,JAWA BARAT,"KOMPLEK RUKO JL. PANGERAN ANTASARI RT.014 RW.005 DS. PLUMBON KEC. PLUMBON KAB. CIREBON, DESA/KELURAHAN PLUMBON, KEC. PLUMBON, KAB. CIREBON, PROVINSI JAWA BARAT",27-12-2026
44.,LPK TAIYOUKO GAKUIN CENTER,BENGKULU,"JALAN LINTAS KEPAHIANG-PAGAR ALAM NO 36, DESA PERMU, KEPAHIANG",27-12-2026
45.,,,,27-12-2026
46.,LPK KIZOKU,JAWA BARAT,"JL.BOULEVARD RAYA,RUKO PRIMA HARAPAN BLOK A NO.2",27-12-2026
47.,LPK MATAHARI PERDANA,JAWA BARAT,"CLUSTER JATI GEULIS BLOK A3, DESA JATIROKE, KECAMATAN JATINANGOR",27-12-2026
48.,LPK NAGOMI KAIGO GAKKO,JAWA BARAT,"RUKO PREMIUM ICON CITY, BLOK. C, NO. 15, JLN.BOULEVARD DELTAMAS NO. 189",22-12-2026
49.,LPK PERMATA MUTIARA INDONESIA,JAWA BARAT,"JL. BULEVARD RAYA BLOK RSK 3 NO. 58, KELURAHAN JAKA SETIA, KEC. BEKASI SELATAN, KOTA BEKASI, PROVINSI JAWA BARAT, KODE POS: 17146",22-12-2026
50.,LPK DUTA SAHAYA,BALI,JL. BY PASS SOEKARNO NO. 36X,22-12-2026
51.,LPK NOMURA INDONESIA,JAWA BARAT,KP. CITEKO RT 001/004 DESA CITEKO KEC. CISARUA (16750) VIN : 2208320103,22-12-2026
52.,LPKS RISKY BERKAH JAYA,JAWA TENGAH,"TEGAL DUREN RT/RW 001/005, DS.MERBUNG, KEC. KLATEN SELATAN",22-12-2026
53.,LPK YAYASAN SUNDAGAIYA,JAWA BARAT,JL MARGACINTA NO 29 RT 001 RW 004 KELURAHAN CIJAURA KECAMATAN BUAHBATU,18-12-2026
54.,LPK SUKA BAGJA INDONESIA JAYA,JAWA BARAT,"KP. BABAKAN CIANJUR RT 004 RW 001 KEL. MALASARI, KEC. CIMAUNG",18-12-2026
55.,LPK MULIA UTAMA LOMBOK,NUSA TENGGARA BARAT,JLN. PAOKMOTONG - KOTARAJA DUSUN SUNGKIT DESA KESIK KECAMATAN MASBAGIK,13-12-2026
56.,MASARU SKILL TRAINING,KEPULAUAN RIAU,"KOMP. GRAND NIAGA MAS BLOK B NO. 78-79, DESA/KEL. BELIAN, KEC. BATAM KOTA, KOTA BATAM - KEPULAUAN RIAU",11-12-2026
57.,LPK PUTRA PUTRI INDONESIA,JAWA BARAT,PERUM CIBARAJA MANSION BLOK H.8 KP. CIMAHI RT/RW 002/001 DESA SELAJAMBE KEC. CISAAT,06-12-2026
58.,LPK TOMONI MARAWA ABADI,JAWA BARAT,"RUKO PRIMA HARAPAN REGENCY BLOK B NO.18 RT 009 RW 012, KELURAHAN HARAPAN BARU, KECAMATAN BEKASI UTARA",29-11-2026
59.,LPK YUTAKA MITRA INDONESIA,JAWA TENGAH,JL. TAMAN TEUKU UMAR NO.14 SEMARANG 50262,29-11-2026
60.,LPK PT. ARIYO SURYANGGONO PERKASA,JAWA TENGAH,"TULAKAN RT 003 RW 003 KEPATIHAN, SELOGIRI, WONOGIRI, JAWA TENGAH",21-11-2026
61.,PT GARUDA SURYA MANDIRI,JAWA BARAT,JL METLAND TRANSYOGI RPM V NO 19,21-11-2026
62.,LPK MARTANI,JAWA TENGAH,JL. MAWAR RAYA NO.38 PERUM SENDANGMULYO,21-11-2026
63.,LPK JAPAN INTERNASIONAL INDONESIA,JAWA BARAT,JL GUNTUR KENCANA 004/017,21-11-2026
64.,LPK OMOIYARI PERMATA INDONESIA,JAWA TIMUR,JL. DR. SOETOMO RT/RW : 002/007 DESA PADEG KECAMATAN CERME,17-11-2026
65.,LPK ANDALAN MITRA PRESTASI,SUMATERA BARAT,JL. S. PARMAN NO. 80-82 B LOLONG PADANG,17-11-2026
66.,PT INTERNASIONAL PERSONEL MANAJEMEN INDONESIA,JAWA BARAT,BIMA BUANA 8 NO 55 KEL LAMBANGSARI KEC TAMBUN SELATAN KAB BEKASI,16-11-2026
67.,LPK SAFETY CONNECTION INDONESIA,DI YOGYAKARTA,"JL. RING ROAD UTARA, PUGERAN, MAGUWOHARJO, KEC. DEPOK, KABUPATEN SLEMAN, DAERAH ISTIMEWA YOGYAKARTA 55281",16-11-2026
68.,OTC BALI GIANYAR,BALI,"JALAN RATNA I, TEGAL TUGU, GIANYAR",16-11-2026
69.,YAYASAN JISSHO,SUMATERA UTARA,JL. SIDORUKUN (VILLA SIDORUKUN MAS NO. 3-4) KRAKATAU UJUNG,16-11-2026
70.,LPK AL FADANI,SUMATERA BARAT,"JL. BEROK RT 003/RW 012, KELURAHAN GUNUNG PANGILUN, KECAMATAN PADANG UTARA",16-11-2026
71.,LPKS BINTANG INDO CORPORA,JAWA TENGAH,JL. PAHLAWAN GG. BOGOWONTO NO. 4 KEL. KUTOSARI,16-11-2026
72.,LPK MAU YAKIN BISA,DI YOGYAKARTA,"RUKO KIRANA LOWANU RESIDECE B13 LT 3, KELURAHAN SOSORUTAN, KECAMATAN UMBULHARJO",16-11-2026
73.,LPK HIDEAKI KABUPATEN PEMALANG,JAWA TENGAH,"JL. WARUNGPRING-JATINEGARA DUSUN BENGKENG RT 005/RW 001, DESA MERENG, KECAMATAN WARUNGPRING",16-11-2026
74.,CAHAYA MANDIRI INDONESIA,JAWA TENGAH,"JL. PELEMKEREP RT 07/06 TOHUDAN, COLOMADU, KARANGANYAR",10-11-2026
75.,LPK KIYORAKA ASIA GLOBAL,JAWA BARAT,JL. CIGANITRI NO.80A DS.LENGKONG KEC. BOJONGSOANG,10-11-2026
76.,LPK MASAYUKI MITRA UTAMA,JAWA BARAT,"PERUMAHAN BUMI TELUK JAMBE BLOK PF NO.16, DESA SUKALUYU, KEC. TELUK JAMBE TIMUR KABUPATEN KARAWANG JAWA BARAT KODE POS 41361",10-11-2026
77.,LPK ASTA KARYA,DKI JAKARTA,"GD. PERKANTORAN SELMIS BLOK II UNIT 20, JL. ASEM BARIS RAYA NO.52 RT/RW.001/005, KEBON BARU - TEBET",10-11-2026
78.,LPKS SHANKARA,JAWA TENGAH,"JL. AHMAD YANI, RT 016/RW 05, DESA BINANGUN, KECAMATAN BINANGUN",01-11-2026
79.,BINTANG HIGASHI JAVA,JAWA TIMUR,PERUM PUTRI JUANDA BLOK C3 NO.5 (LANTAI 2),24-10-2026
80.,LPK ORINES,DKI JAKARTA,JL. TERUSAN I GUSTI NGURAH RAI NO. 1 KEL. PONDOK KOPI KEC.DUREN SAWIT,24-10-2026
81.,LPK JINZAI SERVIS INDONESIA,BANTEN,"JL. HOS COKROAMINOTO NO. 35, BLOK E1-E2, KEL. KREO SELATAN, KEC. LARANGAN",24-10-2026
82.,NEPMA LENTERA INDONESIA,JAWA BARAT,CITRAGRAND CIBUBUR CBD RUKO MARQUETTE BLOK AR1 NO. 27,24-10-2026
83.,LPK SHINCHOKU INDONESIA,JAWA BARAT,KAVLING TANAH TINGGI NO.62 RT.001/RW.025 ATAU OFFICE CIKARANG RUKO REDWOOD BLOKB.08 JL BULEVARD GANESHA KOTA DELTAMAS CIKARANG PUSAT,09-10-2026
84.,LPK GLOBAL ICHSAN MANDIRI,BANTEN,"RUKO KEBAYORAN ARCADE III BLOK KA/E1 NO 22-23 KELURAHAN PONDOK PUCUNG, KECAMATAN PONDOK AREN 15229",09-10-2026
85.,LPKS WORLD TRAINING CENTER PEMAGANGAN KE JEPANG,BALI,JALAN CEMPAKA NOMOR 1 PAYA AMLAPURA KARANG ASEM-BALI,09-10-2026
86.,LPK PRIMA DUTA SEJATI,JAWA TIMUR,"JL. RAYA TANJUNG 52-54, GEMPOL",09-10-2026
87.,INDONESIA JAPAN DEVELOPMENT WORK OF SKILL,JAWA TIMUR,JL. SIMPANG UNTUNG SUDIRO 103 RT 5 RW 4 KEL. CEMOROKANDANG KEC. KEDUNGKANDANG,09-10-2026
88.,PT. CHIKARA INDONESIA TANGGUH,DI YOGYAKARTA,"JL. RANDU RT02 RW04 KEL. AMBARKETAWANG, KEC. GAMPING",04-10-2026
89.,LPK AIBOU INDONESIA,DI YOGYAKARTA,"JL. KRIYANAN, RT.02/RW.06, AREA SAWAH, WATES, KEC. WATES, KABUPATEN KULON PROGO, DAERAH ISTIMEWA YOGYAKARTA 55651",03-10-2026
90.,LPK ERAI INDONESIA,JAWA BARAT,"PERUM TAMANJAYA INDAH BLOK D 370, DESA TAMANJAYA KEC. TAMANJAYA",22-09-2026
91.,UNIVERSAL JAPAN COURSE,JAWA TENGAH,"RUKO KLIPANG GOLF VIEW BLOK D 5-16, SENDANGMULYO, TEMBALANG, SEMARANG",22-09-2026
92.,LPK. HIMAWARI,JAWA TIMUR,PERUM BAMBU ASRI BLOK B NO 6-7 KEDUNGWARU TULUNGAGUNG JAWA TIMUR,22-09-2026
93.,LPK ABDI DARMA UTAMA,JAWA TENGAH,"JL. GAJAH MADA RT.07 RW.03 KEL.KALISAPU, KEC.SLAWI, KAB.TEGAL",18-09-2026
94.,LPK SAHARA (SAHABAT ANAK DAN REMAJA KREATIF),JAWA BARAT,JALAN NYENGSERET NO 35 BANDUNG,11-09-2026
95.,LPK HADETAMA,JAWA BARAT,"KOMPLEK RUKO JATIAGUNG NO.5, JLN KEMANGSARI, KEL. JATIBEING BARU, KEC. PONDOK GEDE",11-09-2026
96.,LPK TSUBAME JAPANESE LANGUAGE TRAINING CENTER,JAWA BARAT,GRAND GALAXY CITY RSA 3 NO. 25-27 KEL. PEKAYON JAYA KEC. BEKASI SELATAN,11-09-2026
97.,LPK JAPAN INDO PERKASA,SUMATERA UTARA,JL BATANG SERANGAN DUSUN PUJI DADI DESA SEI BAMBAN,08-09-2026
98.,LPK KOKORO BREBES,JAWA TENGAH,"TEGALGLAGAH, RT 004 RW 003 KEC. BULAKAMBA",31-08-2026
99.,LPK MAMORU NIHONGO GAKKOU,JAWA BARAT,BUKIT CIANJUR RESIDENCE RUKO NO 12,28-08-2026
100.,LPK LINK,BALI,"JL. PANTAI PURNAMA, BR. TEBUANA, DESA SUKAWATI, KEC. SUKAWATI",23-08-2026
101.,SINAR MAKMUR JAYA,JAWA TIMUR,JL. MELATI NO. 4,23-08-2026
102.,LPK MENTARI ASA BALI,BALI,JALAN DHARMA GIRI 99X GIANYAR,23-08-2026
103.,LPKS MAGDY INDONESIA,JAWA TENGAH,"PERUM VILLA MULAWARMAN K-23 RT.007 RW.002 JABUNGAN, BANYUMANIK",18-08-2026
104.,LPK INDONESIA JAPAN MUSUBI,JAWA BARAT,JL. SARIMANAH II BLOK 14 NO. 151 BANDUNG. KECAMATAN SUKASAD KELURAHAN SARIJADI JAWA BARAT,18-08-2026
105.,LPK GLOBAL MANDIRI INDONESIA,JAWA BARAT,JLN. BANDUNG - GARUT KM 20 RT/RW 01/12 DS. CIPACING KEC. JATINANGOR KAB. SUMEDANG,18-08-2026
106.,PT VIVA CIPTA MIRAI,JAWA TIMUR,"DADAPAN NO. 24 RT 16/ RW 06TLOGOREJO, PAGAK, MALANG, JAWA TIMUR 65168",10-08-2026
107.,LPK JOJO INTERNASIONAL GROUP,JAWA BARAT,"JALAN RAYA CIBEBER, RUKO DEPAN BTN CIBODAS, RT.004 RW.007, KELURAHAN SIRNAGALIH, KECAMATAN CILAKU",10-08-2026
108.,ASA HIKARI MULYA,JAWA TIMUR,JALAN ARIF RAHMAN HAKIM NO.42,10-08-2026
109.,LPK SUMBER JASA KREATIF,JAWA TIMUR,"JALAN HRM MANGUNDIPROJO NO. 556, BUDURAN, SIDOARJO",01-08-2026
110.,LPK PERWITA NUSARAYA,JAWA TIMUR,JL.RAYA BY PASS KM 31 DESA KRATON KECAMATAN KRIAN,01-08-2026
111.,YAYASAN ERU PUTRA INDONESIA,SUMATERA UTARA,JLN PUTRI MALU NO.8 DSN III SUMBER MAKMUR,01-08-2026
112.,PT. LPK AMARTA BANGUN INDONESIA,JAWA BARAT,"JL. PANDAWA, DESA DUREN RT.016/RW.005, DESA DUREN, KECAMATAN KLARI",01-08-2026
113.,PT JAPANNESIA LANGUAGE SCHOOL,JAWA BARAT,JL RAYA TERUSAN DESA BOJONGSARI KECAMATAN INDRAMAYU,01-08-2026
114.,LPK HOSHI GAKUEN BALI,BALI,"JL. RAYA PURI GADING, RUKO A1 NO.02A JIMBARAN, KEC. KUTA SELATAN",01-08-2026
115.,LPK MERAKI ASA KHATULISTIWA,JAWA BARAT,"GEDUNG GRHA BEKASI BAGUS JL. KH NOER ALI NO. 89, KAYURINGINJAYA BEKASI SELATAN, KOTA BEKASI 17144",01-08-2026
116.,LPK PERWITA NUSARAYA,JAWA TIMUR,JL.RAYA BY PASS KM 31 DESA KRATON KECAMATAN KRIAN,01-08-2026
117.,PT KIBI MOMOTARO INDONESIA,JAWA BARAT,RUKO GRAND ROYAL JL. PASAR BARU NO. 16 KELURAHAN KARANGMALANG KECAMATAN INDRAMAYU KABUPATEN INDRAMAYU PROVINSI JAWA BARAT 45213,01-08-2026
118.,LPK SELARAS,DKI JAKARTA,"JL H TIMUR NO 14, ASEM BARIS, TEBET",01-08-2026
119.,LPK SINAR WORLD INDONESIA,JAWA BARAT,"JL. KRUKUT RAYA NO. 17 B, RT. 01 RW. 013, KELURAHAN GROGOL, KECAMATAN LIMO",01-08-2026
120.,LPK CAHAYA DUTA BALI,BALI,"JL. RAMBUTAN, LING. BILUKPOH, KEL. TEGALCANGKRING, KEC. MENDOYO, KAB. JEMBRANA, BALI",21-07-2026
121.,LPK TERATAI GOGAKUIN,JAWA TENGAH,"JALAN KOTA BARU NO 106, BANYUURIP BARAT KEC.BANYUURIP KAB.TEMANGGUNG JAWA TENGAH",18-07-2026
122.,PT. KENJI JAYA PUTRA,JAWA BARAT,"DUSUN KRAJAN II RT 007, RW.002, BINONG, KEC. BINONG, KABUPATEN SUBANG, JAWA BARAT 41253",18-07-2026
123.,LPK KIBOU KAFKA SEJAHTERA,JAWA BARAT,JL. MASJID DARUSSALAM KP. KOBAK RT.004/017 RUKO SABAR GANDA NO.3 DESA MEKARSARI KEC. TAMBUN SELATAN,07-07-2026
124.,LPK HIKARI MAN POWER,JAWA BARAT,"JL. KAPTEN HALIM GANG SUMBA BONGAS RT 021/004 KEL SINDANGKASIH, KEC. PURWAKARTA",07-07-2026
125.,LPK. MOMIJI GAKUEN,JAWA TENGAH,JL. RAYA BANDAR-WONOTUNGGAL,07-07-2026
126.,LPK GRAHA LATIH EKSELENTA,DI YOGYAKARTA,"JL SETURAN II GG MANGGA NO 41, CT DEPOK",07-07-2026
127.,PT. YOTSUBA UNIVERSAL INDONESIA,JAWA TIMUR,"JALAN MAJAPAHIT NOMOR 37B, DESA/KELURAHAN TAMANBARU, KEC. BANYUWANGI, KAB. BANYUWANGI, PROVINSI JAWA TIMUR, KODE POS: 68416",07-07-2026
128.,CREDIBLE COLLEGE,KEPULAUAN RIAU,RUKO PANBIL BLOK B NO 12A,05-07-2026
129.,LPK MACCA INSPIRASI NUSANTARA,SULAWESI SELATAN,"JL. SULTAN DG. RAJA NO. 44, KOTA MAKASSAR",05-07-2026
130.,PT LPK IKAPEKSI MITRA SINERGI,LAMPUNG,JL.DW SARTIKA 22 RT 035 RW 007 BANJARSARI,26-06-2026
131.,LPK MATAHARI TERBIT,SULAWESI UTARA,"JL. BABE PALAR, RIKE. NO. 044 LINGK. II KEC. WANEA KOTA MANADO PROV. SULAWESI UTARA INDONESIA 95117.",26-06-2026
132.,LPK UCHUMARU,DI YOGYAKARTA,"JL. AMBAR BINANGUN NO. 25 DK. X SONOPAKIS KIDUL RT. 07 NGESTIHARJO, KASIHAN",26-06-2026
133.,LPK JAPAN EDUCATION GLOBAL,JAWA TENGAH,KEDEN WETAN RT 01 RW 01 DESA KEDEN KECAMATAN KALIJAMBE - 57275,26-06-2026
134.,LPK YUUKI SHORAI INDONESIA,JAWA BARAT,"RUKO BOULEVARD ARCADE JL.METRO BLOK CC/D9 KEL. PASIRSARI, KEC, CIKARANG SELATAN KAB. BEKASI",26-06-2026
135.,LPK AKIHIRO YUKI EDO,JAWA TENGAH,JLN. TAMAN BAYU PRASETYA TIMUR I BLOK B RT 10 RW 03. BANGETAYU WETAN. KEC.GENUK.,22-06-2026
136.,LPK GLOBAL ASIA SHAKAINDO,JAWA BARAT,DUSUN CIPARI RT003 RW001 DESA SUKARESIK KECAMATAN SIDAMULIH,22-06-2026
137.,LPK MIDORI GAKKOU,JAWA TENGAH,SUMBEREJO RT 04 RW 02 JAKEN,07-06-2026
138.,LPK. INTERNATIONAL PROFESSIONAL INSTITUTE,JAWA BARAT,JL. SYAMSUDIN SH NO 58/62 KELURAHAN CIKOLE KECAMATAN CIKOLE KOTA SUKABUMI,07-06-2026
139.,LPK INDOGLOBAL DUTA MANDIRI,JAWA BARAT,"RUKO IFOLIA 2, BLOK HY 46 NO.03",07-06-2026
140.,LPK YAYASAN KASHIKOI JAPANESE TRAINING CENTER,JAWA BARAT,"JL. SUKUP BARU NO. 35, KEL. PASIR ENDAH, KEC. UJUNGBERUNG, BANDUNG 40619",07-06-2026
141.,LPK EIKOU KAKEHASHI INDONESIA,JAWA BARAT,JL. TERUSAN AL-FATHU NO.92 DESA PAMEKARAN KECAMATAN SOREANG,07-06-2026
142.,LPK SEKAI INDONESIA,JAWA BARAT,"GRIYA CIMAHPAR ENDAH 1 JLN.SEDAP MALAM NO.07, RT. 004 RW.011 KEC.SUKARAJA, KAB.SUKABUMI KODE POS 43192",07-06-2026
143.,LPK JAPAN SUNDA KEREN,JAWA BARAT,JL.SANYERE DUSUN CIBULUH NO.51 DESA CIBULUH KECAMATAN UJUNGJAYA KABUPATEN SUMEDANG PROVINSI JAWABARAT 45383,29-05-2026
144.,LPK YOGA MUSTIKA PERSADA,DI YOGYAKARTA,"JL. DAMAI PUSUNG 2, BANTENG , SINDUHARJO,NGAGLIK,SLEMAN",29-05-2026
145.,LPK SAKURA MITRA INTERNASIONAL,BANTEN,"RUKO DARWIN TIMUR NO 72, JL PERMATA MEDANG, MEDANG, PAGEDANGAN, KABUPATEN TANGERANG 15810",29-05-2026
146.,LPK ENTRUST LESTARI INDONESIA,DKI JAKARTA,JALAN AMIL WAHAB NO. 22A RT.003 RW.009 KEL KRAMAT JATI KEC. KRAMAT JATI,29-05-2026
147.,LPK SAVA JAYA ANUGERAH,JAWA BARAT,"BEKASI TOWN SQUARE BLOK B11, JL. CUT MUTIA RAYA, KEL. MARGAHAYU, BEKASI TIMUR",22-05-2026
148.,YAYASAN BINA GENERASI BANGSA (BGB FOUNDATION),JAWA BARAT,JALAN CIGADUNG SELATAN II NO.2 BANDUNG 40191,17-05-2026
149.,LPK ONE PIECE INDONESIA,JAWA BARAT,KAMPUNG CIKETING KELURAHAN MUSTIKAJAYA KECAMATAN MUSTIKAJAYA,12-05-2026
150.,PT GAPINDO GEMILANG PRESTASI INDONESIA,SUMATERA UTARA,"VILLA BAHAGIA JL. BAHAGIA BY PASS NO 1. KELURAHAN SUDIREJO II KECAMATAN MEDAN KOTA, 20226 SIMPANG LIMUN MEDAN.",12-05-2026
151.,LPK FUKUTOMI JAPANESE SCHOOL,JAWA TIMUR,"JL RAYA SRENGAT RT 01/RW03, DANDONG, SRENGAT, BLITAR",12-05-2026
152.,LPKS PALAPA MUDA INDONESIA,JAWA TENGAH,"JL.WINONG - PUCAKWANGI KM.01 DS.PEKALONGAN RT2 RW1 KEC.WINONG, KAB. PATI, JAWA TENGAH, 59181",12-05-2026
153.,LPK AISHIN INDONESIA,DKI JAKARTA,JL TERUSAN I NGURAH RAI RUKO WARNA WARNI NO.1 PONDOK KOPI JAKARTA TIMUR,12-05-2026
154.,LPK SANUSI PUSAKA SUNDA,JAWA BARAT,KP. BANTARSEMA RT 019 RW 006 DESA CISAGA KEC. CIBOGO KAB. SUBANG,28-04-2026
155.,PT JAPAN INDONESIA ALIANSI,BANTEN,"JL. BSD RAYA UTAMA RUKO ALICANTE BLOK D NO. 09, MEDANG, PAGEDANGAN, TANGERANG, BANTEN 15334",14-04-2026
156.,LPK PT DUTAGRIYA SARANA,DKI JAKARTA,"GRAHA MAS FATMAWATI BLOK A10-AL1, JL. RS. FATMAWATI NO. 71 CIPETE UTARA, KEBAYORAN BARU, JAKARTA SELATAN",14-04-2026
157.,LPK AKARI JAWA INDONESIA,JAWA TENGAH,"JL. LINGKAR BARAT DELANGGU, GATAK BARU, SRIBIT, DELANGGU, KLATEN 57471",14-04-2026
158.,LPK SHINRAI JAPAN INDONESIA,JAWA BARAT,"JL CIMANUK BLOK B1 NO 33 BOGOR BARU TAMAN, KELURAHAN TEGAL GUNDIL, KECAMATAN BOGOR UTARA, KOTA BOGOR",14-04-2026
159.,LPK. BINTANG PERMATA NUSA,JAWA BARAT,JL. TUPAREV KOMPLEK CIREBON BISNIS CENTER BLOK E NO. 2 DS. SUTAWINANGUN,14-04-2026
160.,LPK HIKARI BALI,BALI,"JLN. KRESNA, BR. DINAS METRA KELOD",11-04-2026
161.,KANSHA INDONESIA CENTER,JAWA TENGAH,JL. SUMBER KETANDAN NO 11 RT 16/RW 05. KEL. SECANG,11-04-2026
162.,LPK FUJIWARA JLC,JAWA BARAT,"SUTAN RAJA KATIASA RESIDENCE BLOK B1 NO. 2, JL. ANGKASA RAYA RT. 006 RW. 001 KATIASA BARU KEL. KALIJAGA, KEC. HARJAMUKTI, KOTA CIREBON",11-04-2026
163.,LPK NAGOYA COURSE CENTER,LAMPUNG,"JL. RAYA PEKALONGAN DUSUN II RT. 012/RW.004 KEL. PEKALONGAN, KEC. PEKALONGAN",11-04-2026
164.,WADAH PERINTIS MUDA,JAWA BARAT,DESA KASUGENGAN KIDUL BLOK KAPLING BARU RT18 RW 07 KECAMATAN DEPOK,11-04-2026
165.,LPK TSUNAGARU INDONESIA,SULAWESI SELATAN,"JL.MANGGARUPI,KELURAHAN BONTO-BONTOA,KECAMATAN SOMBA OPU,KAB GOWA,PROVINSI SULAWESI SELATAN,INDONESIA",11-04-2026
166.,LPK CAHAYA MATAHARI MANADO,SULAWESI UTARA,MARINA PLAZA BLOK D/3 KELURAHAN WENANG UTARA KECAMATAN WENANG,11-04-2026
167.,YAYASAN SHIN INDONESIA,SULAWESI SELATAN,JL.BATUA RAYA 1 NO.1 A KELURAHAN BATUA KECAMATAN MANGGALA,11-04-2026
168.,SAIKO JAYA SUKSES,JAWA BARAT,JL. UTAMA BIEE RUKO CENTRAL BLOCK ESC NO. 1 LIPPO CIKARANG,06-04-2026
169.,LPK SEIKOU AGENG,LAMPUNG,"DUSUN IV RT 014/RW007, DESA SRIPENDOWO, KECAMATAN BANDAR SRIBHAWONO, KABUPATEN LAMPUNG TIMUR 34199",31-03-2026
170.,LPK TAIHOU FUSION ORGANIZATION INDONESIA JAPAN,JAWA BARAT,"JL. PEMUDA NO.9B, RT 001/ RW 004",21-03-2026
171.,LPK KESUMA KARYA BANGSA,JAWA TIMUR,"JL. RAJASA NO. 189, KEL. BUMIAYU, KEC. KEDUNGKANDANG",13-03-2026
172.,LPK HIMAWARI INDONESIA JAYA,BANTEN,JL.BSD RAYA UTAMA RUKO ALICANTE BLOK C NO 09,09-03-2026
173.,LPK KEBUN,JAWA BARAT,"JL.CUT MUTIA NO 30, KEL.MARGAHAYU KEC. BEKASI TIMUR, KOTA BEKASI, JAWA BARAT, 17113",09-03-2026
174.,LPK JAPAN INDONESIA COLLEGE,JAWA BARAT,"DUSUN LABAN NO. 92 RT.006/002, DESA BUGIS, KEC. ANJATAN",09-03-2026
175.,LPK ELEMEN INTERNASIONAL PELANGI,BALI,"JL. RAYA ULUWATU NO.31, KEDONGANAN, KUTA, KABUPATEN BADUNG, BALI 80361, INDONESIA",07-03-2026
176.,LPK SAREKAH INSAN ATAMA,DKI JAKARTA,JL. RAYA CIPAYUNG SETU NO. 33 JAKARTA TIMUR,07-03-2026
177.,LPK INDOPURAJA TEKNIKA,JAWA BARAT,JL. TERUSAN JAKARTA NO. 175A RT. 001 RW. 006 KEL. ANTAPANI KULON KEC. ANTAPANI,28-02-2026
178.,LPK WIRAKARYA TRAINING CENTRE,JAWA BARAT,JL. RAYA LASWI NO. 742B DS. MANGGUNGHARJA KEC. CIPARAY,28-02-2026
179.,LPK LINTAS NEGERI,BALI,JALAN NUSA INDAH RAYA NO 57A KEL. BALER BALE AGUNG KEC. NEGARA,28-02-2026
180.,LPK OKAGE MANDIRI,BANTEN,"JL. SWADAYA RAYA NO.62, RT.002/RW.005, LARANGAN INDAH, KEC. LARANGAN, KOTA TANGERANG",28-02-2026
181.,KOKUSAI JINZAI SUPPORT,BANTEN,JALAN REFORMASI UTAMA NO 58,28-02-2026
182.,LPK BINAWAN,JAWA BARAT,"JL. HANJAWAR NO.99B, KOTA BUNGA, KECAMATAN PACET",21-02-2026
183.,LPK MITRA BUDI LESTARI,JAWA TENGAH,JL. NAKULA N0.43 KEL. SLEROK KEC. TEGAL TIMUR KOTA TEGAL,17-02-2026
184.,LPK SOLO HOKY INDONESIA,JAWA TENGAH,"JL. SALAK RAYA NO. 22 KABALAN, NGADIREJO, KARTASURA, SUKOHARJO",17-02-2026
185.,LPK WAKAI ICHI INDONESIA,JAWA BARAT,JL. DESA KELURAHAN PEKANDANGAN JAYA,17-02-2026
186.,TRAINING & LEARNING CENTER,BALI,"JALAN MOH. HATTA, LC. SUBAK AYA, BEBALANG",13-02-2026
187.,LPK CARIBBEAN INTERNATIONAL SCHOOL,BALI,"JLN. RAYA BEDULU, BLAHBATUH, GIANYAR",02-02-2026
188.,BROTHER TRAINING CENTER,JAWA BARAT,PANEMBONG RT1/RW4 DS MEKARSARI,31-01-2026
189.,LPK. SALUNGLUNG,BALI,JL. GUNUNG BROMO 16 DENPASAR - BALI,31-01-2026
190.,LPK EDUCATION JAPAN CENTER INDONESIA,JAWA BARAT,"KP. SUKALILAH RT 04 RW 07 DESA CITAPEN, KECAMATAN CIHAMPELAS",31-01-2026
191.,LPK HARAPAN PUTERA BANDUNG INDONESIA,JAWA BARAT,ASTOM RESIDENCE BLOK A-21 RT.03 RW.04 KEC. CIBIRU KEL. PALASARI,31-01-2026
192.,LPK BUANA GOGAKUIN,JAWA BARAT,"JL. RAYA CARACAS NO.102, DUSUN WAGE RT 018 RW 005, DESA CARACAS, KECAMATAN CILIMUS",31-01-2026
193.,LPK GLOBAL ALPHA,JAWA TENGAH,"JL. BRIGJEN KATAMSO, DK. DEMANGAN RT. 01 RW. 03, DS. NGEMPLAK, KEC. KARTASURA",31-01-2026
194.,LPK MUGEN (MULTI GENERASI INDONESIA),DKI JAKARTA,"BLOK M PLAZA LT. 7, UNIT Q7, JL. BULUNGAN NO. 76. KEBAYORAN BARU",31-01-2026
195.,LPK MAJESTA FOUNDATION,JAWA TENGAH,"CEPIT RT 05 RW 04 NGARGOREJO, NGEMPLAK, BOYOLALI, JATENG",31-01-2026
196.,LPK KACHI KOKORO,JAWA BARAT,"JALAN RAYA KAMPUNG PASIR KAMPUNG PASEKON NO.30, KEL. CIPANAS KEC.CIPANAS",30-01-2026
197.,LPK KARYA JAYA ABADI,NUSA TENGGARA BARAT,JL. KRAKATAU 1 NO.8 DUSUN SUKA MAJU DESA MIDANG KECAMATAN GUNUN SARI,30-01-2026
198.,LPK KOCHI MAKMUR INDONESIA,JAWA BARAT,"JL. RAYA BANDUNG NO.253 DESA BOJONG, KEC.KARANG TENGAH",30-01-2026
199.,LPK YUTAKA EDUCATION CENTER,JAWA BARAT,"PERUMAHAN GRAND TARUMA RUKO WIJAYA BLOK B NO 12 JL. TARUMANEGARA KAV. 8 ARTERI TOL KARAWANG BARAT DESA SUKAMAKMUR, KEC TELUK JAMBE TIMUR, KARAWANG",30-01-2026
200.,LPK AL ALIF INDRAMAYU,JAWA BARAT,BLOK KANDANGHAUR RT.001/001 DESA BABAKANJAYA KEC. GABUS WETAN,30-01-2026
201.,PT OOSAKA GAKKOU,JAWA TIMUR,JL RAYA WATES KEDIRI DS.NGLETIH KEC.KANDAT,30-01-2026
202.,LPK CASSEN,JAWA BARAT,KP. BABAKAN SALAM RT. 03 RW. 13 DESA SUKASENANG KECAMATAN BANYURESMI,25-01-2026
203.,LPK TJOKRO BAKTI.,DKI JAKARTA,"JL. PULOGADUNG NO. 24, KEL. JATINEGARA, KEC. CAKUNG, KAWASAN INDUSTRI PULOGADUNG.",25-01-2026
204.,TOMO GRAHA KIRANA,JAWA BARAT,JALAN MT HARYONO DESA DERMAYU KECAMATAN SINDANG KABUPATEN INDRAMAYU JAWA BARAT,25-01-2026
205.,LPK GAKUSHUDO,DKI JAKARTA,"KOMPLEK WIJAYA GRAHA PURI BLOK F NO. 60, JL. WIJAYA II, KEL. PULO, KEC. KEBAYORAN BARU",25-01-2026
206.,LPK HAGUKUMI GAKUIN PADANG,SUMATERA BARAT,JALAN JAMBAK INDAH KOMP. GRIYA AGRO LESTARI II BLOK A.6 RT 003 RW 001 KEL. BANDAR BUAT KEC. LUBUK KILANGAN,25-01-2026
207.,LPK. MANABU INSAN MULIA,JAWA TIMUR,PERUM TAMAN ANGGUN SEJAHTERA 3 BLOK F11 NO. 7,25-01-2026
208.,YAYASAN ISMOYO JATI BERSINAR,JAWA TENGAH,KP.BUNTALAN RT.001 RW.009 KELURAHAN BUNTALAN KECAMATAN KLATEN TENGAH 57419,25-01-2026
209.,LPK ADIPATI BHUMI BHAKTI,JAWA BARAT,JL. DEWI SARTIKA GG. TEMBAKANG NO. 3 RT. 003 RW. 006 KEL. MARGAHAYU KEC. BEKASI TIMUR KOTA BEKASI,25-01-2026
210.,KIZUNA WAWONII INDONESIA,SULAWESI TENGGARA,JL. PELABUHAN LANGARA,20-01-2026
211.,LPK NUSANTARA GAKKOU BANYUWANGI,JAWA TIMUR,"DUSUN KEBONSARI RT.03 RW.03 DESA BENCULUK, KECAMATAN CLURING, KABUPATEN BANYUWANGI",20-01-2026
212.,LPK BALI BINA MANDIRI,BALI,"JL KRESNA BARAT TUGU PERGUNG, MENDOYO",20-01-2026
213.,LPK FUJIYAMA GLOBAL INDONESIA,JAWA TENGAH,"GRAHA FUJIYAMA JL TANJUNG RAYA NO 43 KARANGASEM SURAKARTA, JAWA TENGAH, INDONESIA",30-12-2025
214.,LPK WAKAWASHI MANDIRI INDONESIA LPK WMI,DI YOGYAKARTA,"KANOMAN RT. 01 RW. 05, BANYURADEN, GAMPING SLEMAN YOGYAKARTA 55293",30-12-2025
215.,BALI SORA RAHAYU,BALI,"BANJAR DINAS LUAH, DESA SANGKAN GUNUNG, KECAMATAN SIDEMEN",30-12-2025
216.,LPK SAKURA MANDIRI INDONESIA,JAWA BARAT,JL.KOSAR RT.008 RW.007 KELURAHAN.PASIR ENDAH KECAMATAN.UJUNG BERUNG KOTA.BANDUNG PROVINSI.JAWA BARAT,30-12-2025
217.,LPK MASSAIHARA,JAWA BARAT,JL. CILEMAH ABANG RAYA BLOK J NO.9 (PUSPA) JABABEKA 2 CIKARANG BARU KAB. BEKASI,30-12-2025
218.,LPK BULAN PALAPA BALI,BALI,"JLN RAYA BR.PENAGA,DESA LANDIH,KECAMATAN BANGLI,KABUPATEN BANGLI,BALI",30-12-2025
219.,LPK MARIKANGEN MANDIRI,JAWA BARAT,JL.PANGERAN ANTASARI BLOK JATIWATES DESA LURAH KECAMATAN PLUMBON KABUPATEN CIREBON,30-12-2025
220.,LPK KANZO INDONESIA,JAWA TIMUR,JALAN SAWO NO 58 TANGGUL JEMBER,30-12-2025
221.,PT. SAITAMA JAPANESE LANGUAGE SCHOOL,JAWA TENGAH,"DSN. PENGASINAN, RT/RW 003/002, DS. JERUK LEGI KULON, KEC. JERUK LEGI, KAB. CILACAP, PROV. JAWA TENGAH",30-12-2025
222.,LEMBAGA PELATIHAN KERJA SWASTA TRAINING CENTRE,BALI,"BANJAR DINAS BIAS,DESA ABABI,KECAMATAN ABANG,KABUPATEN KARANGASEM",30-12-2025
223.,LPK ARCADIA,JAWA TENGAH,"JL. BRIGJEN KATAMSO NO.24, KRAJAN, PANGENJURUTENGAH, KEC. PURWOREJO",30-12-2025
224.,LPK YONASINDO INTRA PRATAMA,BANTEN,"JALAN PEMBANGUNAN III NO.45,KEL. KARANGSARI KEC.NEGLASARI, KOTA TANGERANG",30-12-2025
225.,LPK PT INDONESIA NIPPON ANUGERAH,JAWA BARAT,JL ARIF RAHMAN HAKIM NO 36 RT 010/RW 006,30-12-2025
226.,FUJINDO SERVIS INDONESIA,DKI JAKARTA,JALAN RS. FATMAWATI NO. 110,30-12-2025
227.,LPKS EIKO GAKKOU,JAWA TENGAH,"JALAN RAYA PURWODADI-SOLO KM. 11, DSN. MOJOLEGI, RT 05/ RW 01, DS. BANDUNGHARJO, KEC. TOROH, KAB. GROBOGAN, PROV. JAWA TENGAH",30-12-2025
228.,LPK MINORI,JAWA BARAT,"JLN. RAYA CIBARUSAH NO. 21 J KP. PAGAULAN DESA SUKARESMI, KECAMATAN CIKARANG SELATAN, KABUPATEN BEKASI",30-12-2025
229.,LPK JANTRAS CIAMIS,JAWA BARAT,PERUM BUMI AR-RAFAH INDAH RESIDENCE BLOK C3 SINDANGKASIH CIAMIS JAWA BARAT 46268,20-12-2025
230.,LPK ASIA BUDAYA CENTER,BANTEN,"JL. SUKAMANDI RAYA KP. SUKAMANDI RT 001 RW 009 KARANGSARI, NEGLASARI",20-12-2025
231.,MIZUNO SEMANGAT BANGSA,JAWA BARAT,KP WARUNGDANAS 003/001 DESA KADEMANGAN KEC.MANDE,20-12-2025
232.,LPK NISSHO SETIA INDONESIA,BANTEN,JL. BOULEVARD RAYA RUKO GLAZE 2 BLOK B NO 9 PARAMOUNT SERPONG,20-12-2025
233.,LPK SHINJU,JAWA TENGAH,JL. TM. LEBDOSARI XII NO. 2 RT 08 RW 02 KEL. KALIBANTENG KULON KEC. SEMARANG BARAT 50145,13-12-2025
234.,LPK TOEI TEKNOLOGI INDONESIA,JAWA BARAT,PERUM GRAND TARUMA DHARMAWANGSA 1 BLOK C NP 08/CG SUKAMAKMUR TELUKJAMBE TIMUR,13-12-2025
235.,LPK RYU NUSANTARA,JAWA BARAT,KP MEKARSARI RT 06 RW 22 NO 44 KELURAHAN BALEENDAH KECAMATAN BALEENDAH,13-12-2025
236.,LPK SAKURA BINA CITA,JAWA BARAT,"JL. RAYA PUNCAK KM. 77 DESA KOPO, KECAMATAN CISARUA",13-12-2025
237.,ASIA TRAINING CENTER PADANG,SUMATERA BARAT,JALAN SIMPANG KAMPUNG TANJUNG NO. 2 KURANJI PADANG SUMATERA BARAT,13-12-2025
238.,LPK KAWAMATA 29 INDONESIA,LAMPUNG,JL. DEWI SARTIKA RT.029 RW. 006 BANJARSARI METRO UTARA KOTA METRO LAMPUNG 34111,13-12-2025
239.,LPK MOMOTARO NIHONGO GAKKOU,JAWA BARAT,GG GARDA II. JL RAYA KOSAMBI RT 019 RW 006 DESA DUREN KECAMATAN KLARI - 41371,13-12-2025
240.,LPK PROGRES INTI SOLUSI,JAWA TENGAH,"JLN.SULTAN AGUNG, RT.01, RW.03, DK.KETANDAN, KEL.KETANDAN, KEC.KLATEN UTARA, KAB.KLATEN",13-12-2025
241.,LPK KHASHA JAPANESE LANGUAGE CENTER,LAMPUNG,"JL.PRAMUKA,DUSUN SIDOREJO 1, RT/RW 036/005, DESA LABUHAN RATU 1 KEC. WAY JEPARA",13-12-2025
242.,LPK NIKKOU SKR INDONESIA,JAWA BARAT,PERUMNAS BUMI TELUKJAMBE BLOK QF NO.6 RT 003/ RW 021 DESA SUKALUYU KECAMATAN TELUKJAMBE TIMUR,18-11-2025
243.,LPK WAKASHIO GAKKOU,JAWA TENGAH,JL. KARYA BHAKTI DESA KECEPAK RT.04 RW.02 KEC. BATANG KAB. BATANG,07-11-2025
244.,LPK PT. REJEKI LANGGENG MAKMUR,BANTEN,"RUKO GREAT WESTERN RESORT BLOK A1/1 RT.04/RW.02, KEL. PANUNGGANGAN UTARA, KEC. PINANG",04-11-2025
245.,LPK CONDO BIROWO DINASTI,JAWA BARAT,"JLN RAYA PUNCAK NO 100 KM 72 KP CIBOGO II CIPAYUNG DATAR, MEGAMENDUNG, KAB BOGOR",01-11-2025
246.,LPK CAKRAWALA INDONESIA SEJAHTERA,DKI JAKARTA,KOMPLEK RUKO DUTA INDAH ALPHA I BLOK B.5 JL. PETA SELATAN NO. 77 DAAN MOGOT KALIDERES JAKARTA BARAT,01-11-2025
247.,PT. MIRAINO HASHI JAYA,JAWA BARAT,"JL. ALMUHAJIRIN RAYA RUKO NO.1, RT 01/ RW 05, KAMPUNG BENDUNGAN GRAHA PRIMA, DESA/KELURAHAN SATRIA JAYA, KECAMATAN TAMBUN UTARA, BEKASI",01-11-2025
248.,LPK OETOMO DIKLAT MAGANG JEPANG,JAWA TENGAH,"JL. SUKOHARJO-WONOGIRI NGAMBIL-AMBIL RT 01/RW 02, NGUTER, SUKOHARJO",01-11-2025
249.,LPK YAYASAN FUJI GLOBAL LINGUA,JAWA BARAT,JALAN RANDU SARI RAYA NO 6 ANTAPANI KIDUL ANTAPANI KOTA BANDUNG JAWA BARAT . 40291,01-11-2025
250.,INTERNATIONAL PARTNERSHIP,JAWA BARAT,PERUM BUMI RINJANI TAMAN BUMYAGARA BLOK C2 NO 4 MUSTIKA JAYA,01-11-2025
251.,LPK HIKARI INTERNASIONAL INDONESIA,JAWA BARAT,JL OTISTA NO 49,01-11-2025
252.,INOVASI BIMBINGAN TERPERCAYA,JAWA BARAT,"PERUM D'RENYA RUKO NO. 3, JL. PROF. MOH. YAMIN RT. 03 RW. 06 KEL. DUREN JAYA KEC. BEKASI TIMUR, KOTA BEKASI",19-10-2025
253.,HIKARI SENSEIKU INDONESIA,JAWA BARAT,JALAN TANJIDOR 7 A TURANGGA,19-10-2025
254.,LPK MATRIX ONE INDONESIA,DKI JAKARTA,JL WARUNG JATI BARAT RAYA NO 11B KALIBATA PANCORAN,12-10-2025
255.,LPK MULYACIPTA MANDIRI,JAWA BARAT,"KOMPLEK MEGAH CIKARANG CENTER RUKO MEGAH MAS, BLOK A NO.07 JL.GELAMAPIK. DESA PASIRSARI KECAMATAN. CIKARANG SELATAN, KABUTEN BEKASI 17530",12-10-2025
256.,LPK HIKARI HARUKA,SULAWESI UTARA,JL. MANGUNI 15/65 KEL. PERKAMIL KEC. PAAL 2,12-10-2025
257.,LPK HARAPAN INDAH,JAWA BARAT,"JL. IR. H. JUANDA NO.250, KARANGANYAR, KEC. INDRAMAYU, KABUPATEN INDRAMAYU, JAWA BARAT 45213",12-10-2025
258.,LPK NON STYLE INTERNATIONAL SCHOOL,NUSA TENGGARA BARAT,JLN. SRIWIJAYA NO.18 KEL. CILINAYA KEC. CAKRANEGARA KOTA MATARAM,12-10-2025
259.,PT DIPTA WIDYA SARASWATI,BALI,"JL. PROF. IDA BAGUS MANTRA NO 888X KESIMAN KERTALANGU, DENPASAR TIMUR",12-10-2025
260.,LPK SUPIT URANG PERKASA,JAWA TIMUR,"JL.PB SUDIRMAN DSN.YOSOWINANGUN RT.002 RW.003 DESA,JAJAG,KEC GAMBIRAN",30-09-2025
261.,LPK KOCHIRA BALI INDONESIA,BALI,"BANJAR KATIKLANTANG, DESA SINGAKERTA, KECAMATAN UBUD",30-09-2025
262.,LPKS AGS JAPAN GAKKOU,JAWA TENGAH,"DUSUN NUSADADI RT 09 RW 04, TINGGARJAYA, SIDAREJA.",30-09-2025
263.,LPK SINAR TERANG BERSATU,BALI,"JALAN GATOT SUBROTO TIMUR, KELURAHAN TONJA, DENPASAR UTARA",30-09-2025
264.,PT. ARK JINZAI SOLUSI,NUSA TENGGARA BARAT,GEREPEK DESA JANGO KEC.JANAPRIA KAB.LOMBOK TENGAH-NTB,26-09-2025
265.,LPK PUSAKA MULIA INSANI,JAWA TIMUR,"JL. RAYA SIWALAN PANJI, NO. 88-89, KEC. BUDURAN,",15-09-2025
266.,LPK EHSAN JAPAN,SUMATERA BARAT,JL. RAYA NANGGALO N0.21 PADANG,26-08-2025
267.,LPK YUUKI TRAINING CENTER INDONESIA,JAWA BARAT,"JL. RAYA CISANTANA-PALUTUNGAN BLOK PARIGI, CISANTANA KECAMATAN CIGUGUR KABUPATEN KUNINGAN PROVINSI JAWA BARAT 45552 INDONESIA",26-08-2025
268.,LPK MEGUMI JAINDO COOPERATION,SULAWESI SELATAN,"JL. BENTENG RAYA, RT/RW 003/005, KEL BENTENG, KEC WARA TIMUR, KOTA PALOPO",26-08-2025
269.,LPK KOUGAS WIJAYA NUSA,JAWA TIMUR,KEBONSARI RT 03 RW 03 BENCULUK CLURING Â€“ BANYUWANGI JAWA TIMUR,26-08-2025
270.,LPK GUNAMANDIRI,DKI JAKARTA,"D/A YAYASAN MADIRI DAYA UTAMA, GEDUNG RADIANT UTAMA JLN. KAPTEN P. TENDEAN NO.24",26-08-2025
271.,LPK ASAYAKA MAJU MULIA,JAWA TENGAH,"KRIYAN RT. 02 RW. 28 JIMBUNG, KALIKOTES, KLATEN",18-08-2025
272.,LPK ASA COURSE INDONESIA,JAWA TENGAH,"TAMBAK SARI 03/03, GEMBLEGAN, KALIKOTES",18-08-2025
273.,AICHI TRAINING CENTER,JAWA BARAT,"JL. H. MOH. ALI NO. 13 RT. 009 RW. 004, KEL. TANAH BARU, KEC. BEJI, KOTA DEPOK, PROV. JAWA BARAT",16-08-2025
274.,LPK KOPERASI KULAK MITRA PAKUAN ARDIN JABAR,JAWA BARAT,"JL. BARANANG SIANG NO. 15-17, KOSAMBI",16-08-2025
275.,LPK DUA SOBAT,JAWA BARAT,"JL. RAYA WERAGATI, NO. 677, DESA WERAGATI, KEL. PALASAH, KEC. MAJALENGKA, JAWA BARAT",16-08-2025
276.,YAYASAN PROKLAMATOR,SUMATERA BARAT,JL. AMPALU RAYA NO. 61 PEGAMBIRAN,01-08-2025
277.,KOBA MIRAI JAPAN,JAWA BARAT,"JL. PROKLAMASI RAYA NO. 27 KELURAHAN ABADIJAYA, KECAMATAN SUKMAJAYA",01-08-2025
278.,LPK ILEADER GAKUIN CENTER (IGC),JAWA BARAT,KP SUNGAREUN RT 05/04 DESA PRIANGAN JAYA KEC SUKALARANG KAB SUKABUMI JAWA BARAT 43191,01-08-2025
279.,LPK NAKAYOSHI GAKUIN CENTER,JAWA BARAT,JALAN RAYA JATIWANGI-MAJALENGKA DESA SUKARAJA WETAN RT.003/007 NO.04 DUSUN IV KEC.JATIWANGI KAB.MAJALENGKA,01-08-2025
280.,LPK. BITODE WIRA INDONESIA,JAWA BARAT,"JL. ARIF RAHMAN HAKIM NO.66 DESA KERESEK, KECAMATAN CIBATU, KAB. GARUT, PROV. JAWA BARAT",01-08-2025
281.,LPK KISEKI MANDIRI,DI YOGYAKARTA,JL. GLAGAHSARI 95A WARUNGBOTO UMBULHARJO YOGYAKARTA,27-07-2025
282.,LPK AIKO INDONESIA,BANTEN,JL. BSD RAYA UTAMA RUKO ALICANTE BLOK D 35 KEL. MEDANG KEC. PAGEDANGAN,27-07-2025
283.,LPK AMANAT NEGERI SAKURA,JAWA BARAT,JL.DIDI PRAWIRA KUSUMA NO.126 KP. BUNI PASIR MALEBER,27-07-2025
284.,DUTA MANDIRI INDONESIA,JAWA TIMUR,"JL.PATIMURA IV NO.49 TERTEK, KEC.TULUNGAGUNG",19-07-2025
285.,LPK MAMORU GLOBAL PARTNERS,JAWA BARAT,"JALAN SUKAHURIP NO.15, DSN CIAKAR RT 06 RW 02, CIMARIAS, PAMULIHAN",07-07-2025
286.,LPK.HIKARI INDONESIA,JAWA BARAT,PERUM GRAND PERMATA BLOK A1 NO.7-8 RT 001 RW 019 KELURAHAN PALUMBONSARI KEC.KARAWANG TIMUR,27-06-2025
287.,LPK SAHABAT JEPANG INDONESIA,JAWA TIMUR,PERUM PUTRI JUANDA BLOK C3 NO.5 RT/RW. 006/018 DESA PEPE KECAMATAN SEDATI,27-06-2025
288.,LPK MATAHARI NUSANTARA SENTOSA,JAWA BARAT,JL.MAYOR HARUN KABIN NO.10A BOJONGHERANG CIANJUR JAWA BARAT,27-06-2025
289.,LPK PRODIGI,BANTEN,"ICON BUSINESS PARK UNIT T-09, JL. RAYA CISAUK LAPAN, SAMPORA, CISAUK",27-06-2025
290.,PT JULIAN INDONESIA IWATE,SULAWESI UTARA,"JALAN KARANGRIA LINGKUNGAN III, KEL. BITUNG KARANGRIA, KEC. TUMINTING KOTA MANADO 95239, SULAWESI UTARA",27-06-2025
291.,BALI GLOBAL ACADEMY,BALI,"JALAN KUSUMAYUDHA, BANJAR DINAS PENATAHAN, DESA SUSUT, KECAMATAN SUSUT",27-06-2025
292.,LPK AUDI PRATAMA MANDIRI INDONESIA,JAWA BARAT,DSN. LIMUSNUNGGAL RT. 03/09 DESA RANCAMULYA KEC. SUMEDANG UTARA,17-06-2025
293.,YAYASAN GLOBALINDO,DI YOGYAKARTA,"JL SAWOJAJAR NO. 25 (SELOKAN MATARAM) PRINGGOLAYAN, CONDONGCATUR, DEPOK, SLEMAN",17-06-2025
294.,HORENSO INDONESIA,JAWA BARAT,JL.KALIMANTAN BLOK DD 1-1 KAWASAN INDUSTRI MM2100 CIKARANG BARAT BEKASI 17520,17-06-2025
295.,LPK EDA KAZOKU,JAWA BARAT,BALANDONGAN JL.SINDANGSARI NO.29 KEL.SUDAJAYAHILIR KEC.BAROS,15-06-2025
296.,LPK LPPR,BANTEN,"JL. BSD RAYA UTAMA RUKO ALICANTE BLOK D NO. 09-10, KEL. MEDANG, KEC. PAGEDANGAN",15-06-2025
297.,LPK KEIGA ANINDHA INDONESIA,JAWA BARAT,"RUKO RIVERTOWN BA 2 NOMOR 16, JALAN CELEBRATION BOULEVARD RAYA GRANDWISATA",08-06-2025
298.,LPK COOP INDONESIA,JAWA BARAT,"JL. KOLONEL ACHMAD SYAM NO.10 RT/RW 002/002 DS CIKERUH, KEC. JATINANGOR,",08-06-2025
299.,LPK HIJAU ANYAR INDONESIA,JAWA BARAT,"JALAN RAYA KALIJAGA NO. 43, KELURAHAN PEGAMBIRAN, KECAMATAN LEMAH WUNGKUK",06-06-2025
300.,LPK LIA CENTRAL JAYA,SULAWESI UTARA,"JLN. AIR TERANG, KEL. MALALAYANG SATU TIMUR, KEC. MALALAYANG",31-05-2025
301.,LPK MAGITA JAYA PERKASA,JAWA TENGAH,ALAMAT : JL. TAMAN GOMBEL INDAH MAS NO.1A NGESREP BANYUMANIK SEMARANG 50261,24-05-2025
302.,LPK KANADE INDONESIA BERKAH,JAWA TIMUR,JL. LOMBOK RT 62 RW 11 DESA KINCANG WETAN KEC. JIWAN KAB. MADIUN,24-05-2025
303.,LPK MULIA MANDIRI ABADI,JAWA BARAT,"JL. SUKANAGARA NO. 8, RT 03, RW 11, KELURAHAN KAHURIPAN, KECAMATAN TAWANG",24-05-2025
304.,LPK SEKAI MUSTIKA,JAWA BARAT,JLN. TALUN - RANCAKENDAL RT. 001/004 DESA JELEGONG KECAMATAN RANCAEKEK,13-05-2025
305.,IINE INTERNATIONAL,JAWA TENGAH,JL. JERUK TIMUR III NO. 18 KEL. KRAMAT SELATAN KEC. MAGELANG UTARA,13-05-2025
306.,LPK. AISHIRO GAKUEN,JAWA TENGAH,"JL. PALEBON IV/ 26 PEDURUNGAN, RT. 007 RW. 003, SEMARANG.",13-05-2025
307.,IMPIAN PROFESI INTERNASIONAL,DKI JAKARTA,"RUKO PECAH KULIT CENTER B5 & B6, JL. MANGGA BESAR IX NO. 53B BLOK B RT.011/RW.001, KEL. PINANGSIA, KEC. TAMAN SARI, JAKARTA BARAT 1110",13-05-2025
308.,PT.CIREMAI FUJI INDONESIA,JAWA BARAT,MAJASEM RT.003 RW.008 KEL.KARYAMULYA KEC.KESAMBI,13-05-2025
309.,LPK JAPINDO KARAWANG,JAWA BARAT,PERUMNAS BUMI TELUKJAMBE BLOK D NO. 291 RT01 /RW05 DS. SUKALUYU KEC. TELUKJAMBE TIMUR,13-05-2025
310.,LPK SIONINDO SUMBER SUKSES,JAWA TIMUR,"JALAN PRINGGODANI, DUKUH WETAN, DESA SOMOROTO RT. 002 RW. 002 KECAMATAN KAUMAN",26-04-2025
311.,LPK MINNA NO HIROBA,JAWA BARAT,PERUMAHAN MARHAMAH BLOK A N0 14 DESA SINDANG ASIH KECAMATAN KARANG TENGAH CIANJUR,11-04-2025
312.,LPK SERBAINDO,JAWA TENGAH,"JL. MERDEKA UTARA RAYA NO.1B/12, RT.01/RW.14, SIDOREJO LOR, KEC. SIDOREJO, KOTA SALATIGA, JAWA TENGAH 50714",11-04-2025
313.,LPK ZEN TRAINING CENTER,JAWA BARAT,"RUKOTAMANSARI PERSADA,BLOK A/1, JLN. BARU SOLEH ISKANDAR, KEL. CIBADAK, KEC. TANAH SAREAL, KOTA BOGOR, KODE POST 16166",11-04-2025
314.,SHIAWASE LESTARI INDONESIA,JAWA TENGAH,JL. ERLANGGA BARAT 7 NO. 8 PELEBURAN SEMARANG,11-04-2025
315.,LPK SHINZOU PANCA INDONESIA,JAWA TENGAH,"JALAN RAYA KALIERANG NO. 511, RT.006/RW.005, DESA KALIERANG, KEC. BUMIAYU",11-04-2025
316.,LPK PURNA YUDHA PRAKASA,JAWA BARAT,JL. H. BASUKI NO. 43 C,11-04-2025
317.,LPK JOGJA KENSHU SENTA,DI YOGYAKARTA,"MALANGAN RT02/RW01, DESA SENTOLO, KECAMATAN SENTOLO",11-04-2025
318.,LPK AOISORA SINAR INDONESIA,JAWA TENGAH,"SEKIP RT.08/RW. 02 KADIPIRO, BANJARSARI, SURAKARTA",11-04-2025
319.,LPK TAKAHASHI INDONESIA,JAWA TIMUR,JL. BANJARSARI RT 003 RW 002 GG. MUSHOLLA DESA BANJARSARI KECAMATAN CERME,28-03-2025
320.,LPK ORION HARMONI MANDALA,JAWA BARAT,"PASIR LEUTIK NO.104 RT 004 RW 003, KELURAHAN PADASUKA, KECAMATAN CIMENYAN",28-03-2025
321.,LPK MOMIJI,JAWA TENGAH,"JALAN ANTONOV KALIWULUNG RT 006/ RW 003, KELURAHAN NGESREP, KECAMATAN NGEMPLAK, KABUPATEN BOYOLALI",17-03-2025
322.,FAJAR INTERNASIONAL,JAWA TIMUR,JL. SARANGAN 1G MALANG,17-03-2025
323.,LPK DAIICHI,JAWA TENGAH,JL. TERNATE IV NO.28,17-03-2025
324.,LPK JI TRUST,JAWA BARAT,"JL. SITUSARI II NO. 3 BUAHBATU CIJAGRA, LENGKONG Â€“ KOTA BANDUNG",17-03-2025
325.,MEGA ASIA CENDEKIA,JAWA BARAT,"MEGA ASIA BUILDING LANTAI 2, JALAN OTTO ISKANDARDINATA NO 49 KELURAHAN KEBONJATI KECAMATAN CIKOLE",09-03-2025
326.,LPK FURUSATO INDONESIA,JAWA TIMUR,"JL. MESJID AL JAMHURI NO. 53 RT/RW 033/010 DESA SAWAHAN, TUREN",10-02-2025
327.,LPK LPB3A,NUSA TENGGARA BARAT,JL. DR. SOEDJONO NO 1 DASAN CERMEN BARAT KEC. SANDUBAYA MATARAM NTB 83232,10-02-2025
328.,LPK MULIA MEISOU INDONESIA,JAWA BARAT,"APARTMENT GATEWAY RUKO A5 & A6 , JL. JEND. AHMAD YANI NO. 669 CICADAS BANDUNG, JAWA BARAT 40125, INDONESIA",10-02-2025
329.,LPK PT IMPIAN SEMESTA RAYA,JAWA BARAT,JALAN KEMBAR NO 238 RT 003 RW 003 KELURAHAN KEPANDEAN INDRAMAYU,31-12-2024
330.,LPK YUMNAA ARSY KARA,JAWA BARAT,JALAN. RAYA PACET NO.76 (ANDIR) RT.03 RW.08 CIPARAY,31-12-2024
331.,LPK BAHANA INSPIRASI MUDA,JAWA BARAT,"JL. HEGARBUDHI NO 80/66, RT.002, RW.008, KELURAHAN HEGARMANAH, KECAMATAN CIDADAP",30-12-2024
332.,LPK HIGA NUSANTARA JAYA,BALI,"JL. DENPASAR - GILIMANUK DESA YEH SUMBUL, KEC. MENDOYO, KAB. JEMBRANA, BALI 82261",23-12-2024
333.,LPK JINZIYA KLATEN INDONESIA,JAWA TENGAH,"DK.CUCUKAN RT/002 RW 006 DS. WONOBOYO, KEC. JOGONALAN",23-12-2024
334.,LPK GLOBAL PLAN MANAGEMENT,JAWA BARAT,JL. DARU II BLOK G5 NO.18 DELTA SILICON V LIPPO CIKARANG KELURAHAN CICAU KECAMATAN CIKARANG PUSAT,23-12-2024
335.,LPK SARI AGUNG ABADI JAYA,JAWA TENGAH,"TLOGOREJO RT. 002 RW. 001 PARE, SELOGIRI",13-12-2024
336.,LPK KIZUNA,JAWA TIMUR,"RUKO TIRTA SQUARE, JL. TIRTA RAYA NO.1 A, PULOSARI, KUREKSARI, KEC. WARU, KABUPATEN SIDOARJO, JAWA TIMUR 61256",12-12-2024
337.,,,,09-12-2024
338.,LPK GANESHA KARYA ABADI,BALI,JL. PULAU MOYO XV NO. 16 DENPASAR,09-12-2024
339.,LPK DORYOUKU,NUSA TENGGARA BARAT,"JALAN LINGKAR SELATAN , LINGKAR PERMATA RESIDENCE BLOK A5X KELURAHAN JEMPONG BARU KECAMATAN SEKARBELA KOTA MATARAM PROPINSI NUSA TENGGARA BARAT KODEPOS 83115",07-12-2024
340.,LPK BINTANG CEMERLANG BALI,BALI,"JLN TIRTA CAMPUHAN NO.1 LC SUBAK AYA,BEBALANG BANGLI",07-12-2024
341.,LPK. PT KINKI SULTRA SINERGI,SULAWESI TENGGARA,JL. R. SUPRAPTO NO. 176 F KELURAHAN TOBUUHA KECAMATAN PUUWATU,07-12-2024
342.,LPK HIKARI SUMUT,SUMATERA UTARA,JL. BROMO NO.35 MEDAN,07-12-2024
343.,LPK BANGKIT INDONESIA,DKI JAKARTA,"JL. KH. ABDULLAH SYAFEI, BLOK. A, NO. 24. B. TEBET,JAKARTA SELATAN",07-12-2024
344.,LPK ACTI,BALI,"JL. RAYA GOA GONG NO.99X JIMBARAN, KUTA SELATAN, BADUNG-BALI",01-12-2024
345.,LPK JAYA INDONESIA BERKARYA,JAWA BARAT,"KOMPLEK DDN, BLOK B NO.31, SUKADANAU, CIKARANG BARAT, ID 17845",30-11-2024
346.,LPK HIROKI KENSHU,GORONTALO,JALAN AT-TAQWA DUSUN II DESA PASALAE KEC. GENTUMA RAYA KAB. GORONTALO UTARA,30-11-2024
347.,LPK YAYASAN HINODE ABADI INDONESIA,JAWA BARAT,"JL. GATOT SUBROTO NO 91 F, KEL. MALABAR KEC. LENGKONG",30-11-2024
348.,LPK JIEMA,LAMPUNG,"JL.IKAN MAS NO 46 RT.22/RW.09,KEL.YOSODADI,KEC.METRO TIMUR",11-11-2024
349.,LPK YASUI ABADI,JAWA TENGAH,JL.HANDOKO NO.10 RAJAWANA KEC.KARANGMONCOL PURBALINGGA,09-11-2024
350.,LPK TRIMITRA MATAHARI MANDIRI,JAWA TENGAH,JL. ARJUNA NO 8 RT 03 RW 03 KEL. WONOKARTO,09-11-2024
351.,LPK JAPAN MANDIRI INDONESIA,JAWA TENGAH,"JL. ASRIKANTO NO.3 DESA KIRINGAN, KEC.BOYOLALI, KAB.BOYOLALI JAWA TENGAH",09-11-2024
352.,LPK INSAN MANDIRI MEDIATAMA,NUSA TENGGARA BARAT,"JL. RAYA TEKO LAUK - ANGGARAKSA, TEKO PRINGGABAYA.",01-11-2024
353.,LPK MITRA JAYA INDONESIA,JAWA TENGAH,"JL. SUNAN KALIJAGA 3 A, KEL. JURANGOMBO SELATAN, KEC. MAGELANG SELATAN",01-11-2024
354.,LPK YASRI,JAWA BARAT,JL.BRIGJEND DHARSONO NO. 12B CIREBON,01-11-2024
355.,LPK YAYASAN LENGKONG KITA NUAYA,SULAWESI UTARA,KELURAHAN TANJUNG MERAH RT/002 LINGKUNGAN 2 KECAMATAN MATUARI,07-10-2024
356.,LPK ASIA PASIFIK EKONOMI KOOPERASI,DKI JAKARTA,"JL. KALIBATA SELATAN II NO 2A RT 012/ RW 004, KALIBATA, KECAMATAN PANCORAN, 12740",07-10-2024
357.,LPK MITRA SARANA SEJAHTERA,JAWA TIMUR,JL. MAYJEN SUNGKONO NOMOR 77 RT 02 RW 02 KELURAHAN WONOKOYO KECAMATAN KEDUNGKANDANG KOTA MALANG,07-10-2024
358.,LPK KOKORONO SIJI,BANTEN,"JALAN RAYA SERPONG KAV. 17, KM 15, NOMOR 17 E DAN 17 F, CILENGGANG, SERPONG",07-10-2024
359.,LPK TAJI,NUSA TENGGARA BARAT,JL. BUNG KARNO NO. 14 KOPANG REMBIGA KEC. KOPANG,07-10-2024
360.,LPK SAKURA MEKAR,SUMATERA BARAT,JL. SIMPANG AKHIRAT BUKIT NAPA RT. 001 RW. 002 KURANJI,29-09-2024
361.,LPK. JAPINDO CIANJUR,JAWA BARAT,KP.CIRATA PANJANG RT 002 RW 004 DESA CIHERANG KEC.KARANGTENGAH KAB.CIANJUR PROV. JAWA BARAT,22-09-2024
362.,LPK KAIDOU GAKUIN,JAWA BARAT,PERUMAHAN PESONA PULO INDAH JALAN ARJUNA KP. PULO BLOK A NO. 9A RT. 001/053 SUMBERJAYA TAMBUN SELATAN,01-09-2024
363.,LPK SHINSOU GAKKOU,JAWA BARAT,KP. BABAKAN SIRNA RT 004 RW 002 DESA BUNIWANGI KECAMATAN PALABUHANRATU,01-09-2024
364.,LPK YAYASAN JAPAN TECHNICAL CENTER,JAWA BARAT,"PERUM SBG BLOK 1T RT02 RW 04 DESA SINDANGGALIH, KEC. CIMANGGUNG, KAB. SUMEDANG 45364",24-08-2024
365.,LPK SEAFER SUMBER DAYA,JAWA TENGAH,"DESA BANGUNSARI RT 001/003,KECAMATAN PATEBON",24-08-2024
366.,LPK YAYASAN JAPAN TECHNICAL INTERN TRAINEE SUPPORT CENTER,JAWA BARAT,"PERUM SBG BLOK 1S RT 02 RW 04 DESA SINDANGGALIH, KEC. CIMANGGUNG, KAB. SUMEDANG 45364",24-08-2024
367.,PSA TRAINING AND CAREER PARTNER,DI YOGYAKARTA,"RD 29, CITRA GRAND MUTIARA, BALECATUR, GAMPING",24-08-2024
368.,LPK MUDA BERDAYA NUSANTARA,JAWA BARAT,"JALAN SIRNAGALIH, PONDOK INDIHIANG PERMAI, BLOK G NO 3A, KELURAHAN SIRNAGALIH, KECAMATAN INDIHIANG",18-08-2024
369.,LPK HIGLOB,DI YOGYAKARTA,"JL. TURI KM 3,7 PERUM PONDOK IDAMAN NOA2 KADISOBO, TRIMULYO, SLEMAN, DAERAH ISTIMEWA YOGYAKARTA 55513",09-08-2024
370.,LPK YAYASAN KIWARI KARYA MASAGI,JAWA BARAT,JL PEMUDA 2 NO. 21 RT 06 RW 07 KEL. TIPAR KEC CITAMIANG KOTA SUKABUMI,09-08-2024
371.,LPK ANTAR NUSA AVIASI,JAWA BARAT,JL. SANGKURIANG NO.93 KEL. CIPAGERAN KEC. CIMAHI UTARA,03-08-2024
372.,LPK HOTARU,DI YOGYAKARTA,"JL. KALIURANG KM.6,5 GG. TIMOR TIMUR SONOKAYEN NO.178.",03-08-2024
373.,LPK MOGI ASIA PRIMA,BANTEN,"WEST PARK BSD I UNIT C3 KELURAHAN PAGEDANGAN, KECAMATAN PAGEDANGAN",03-08-2024
374.,LPK GENKI KENSHU SENTA,JAWA TENGAH,DESA PULEDAGEL RT 01/02 JEPON,03-08-2024
375.,LPK AKSELA,BALI,"JL. KAPTEN TANTULAR BARAT NO. 5X-7X, DUSUN JAYAGIRI, DESA DANGIN PURI KLOD",03-08-2024
376.,BINA NUSANTARA SEJAHTERA,JAWA TIMUR,RT1/RW1 DUSUN SEWELUT DESA PLALANGAN,28-07-2024
377.,LPK BALI SANITYA SEJAHTERA,BALI,PERUM MUSTIKA LAKSMI GG.1 NO.1 BULELENG / JALAN RAYA ANTURAN PERUM MUSTIKA LAKSMI GG.1 NO.1 BULELENG,28-07-2024
378.,LPK YAMASAKI TRAINING INDONESIA,JAWA BARAT,KP. SUNDAWENANG RT./RW. 25/11 DS. SUNDAWENANG KEC. PARUNGKUDA,28-07-2024
379.,LPK PT MARZUBA SEJAHTERA INDONESIA,JAWA BARAT,JL KEDOYA NO 21A KELURAHAN PONDOK CINA KECAMATAN BEJI,28-07-2024
380.,LPK MENCETAK INSAN MANDIRI,JAWA BARAT,JALAN RAYA BOJONG NO.148 DESA BOJONG KECAMATAN CILIMUS,02-07-2024
381.,LPK YAYASAN SEMARAK PENDIDIKAN INDONESIA,BANTEN,"KP. KOCEAK RT 006/002 KEL. KERANGGAN KEC. SETU, KOTA TANGERANG SELATAN",02-07-2024
382.,ONE CREATIVES INDONESIA,JAWA BARAT,"GRAND GALAXY CITY RSK 5 NO. 59, JL. BOULEVARD RAYA JAKA SETIA, KEC. BEKASI SELATAN, KOTA BEKASI, JAWA BARAT",10-06-2024
383.,LPK CAP,DKI JAKARTA,RUKAN AVENUE NO.8-037 JAKARTA GARDEN CITY CAKUNG TIMUR CAKUNG,10-06-2024
384.,LPK JAKARUTA GLOBAL GROUP,DKI JAKARTA,JL. RADIN INTEN II NO. 66A RT. 001 RW.014 KEL. DUREN SAWIT KEC. DUREN SAWIT,10-06-2024
385.,LPK MIRAI NUSANTARA,JAWA BARAT,JL.RAYA CIKUDA NO. 332 (X-PASPUD) JATINANGOR,27-05-2024
386.,LPK UNIVERSAL LANGUAGE SKILLS,JAWA BARAT,"JL. CINANGKA RAYA 88, KEL. CIANANGKA, KEC. SAWANGAN KOTA DEPOK",27-05-2024
387.,HOMARE ACADEMY,JAWA TENGAH,"DRIYAN RT 001 RW 016, SISWODIPURAN, BOYOLALI",27-05-2024
388.,LPK ASKA BALI,BALI,"JLN. NGURAH RAI, SEMARAPURA TENGAH",24-05-2024
389.,PT. GENERASI PENERUS BANGSA,JAWA BARAT,JALAN BAROS SUDAJAYA NO.09 RT. 02 RW 03 KEC BAROS KEL JAYARAKSA,17-05-2024
390.,LPK OSIN,JAWA BARAT,"JALAN KAPTEN ARYA NO 179 RT 03 RW 02 DESA KEPANDEAN, KEC. INDRAMAYU, KAB. INDRAMAYU",17-05-2024
391.,PT. WAHANA DANAU INDAH,BANTEN,TAMAN DANAU INDAH BLOK F2 RT.001 RW.003 PABUARAN TUMPENG PASAR BARU TANGERANG,06-05-2024
392.,LPK LINGUA GLOBAL UTAMA,JAWA BARAT,JL. PATROL III NO. 47 RT 10 RW 08 KELURAHAN BALEENDAH KECAMATAN BALEENDAH,06-05-2024
393.,LPK ZURI S GAKKOU,SUMATERA BARAT,JL. KAMPUNG LALANG NO. 1 RT 02 RW 06 KEL. PASAR AMBACANG KEC. KURANJI BYPASS - PADANG,06-05-2024
394.,MOMIJI PADANG GAKUIN,SUMATERA BARAT,JL. BATANG KAMPAR NO. 3F BELAKANG RUMAH MAKAN SEDERHANA ( GOR H. AGUSSALIM ),06-05-2024
395.,LPK TSUNAGU JAPAN INDONESIA,SULAWESI UTARA,JL. DIPONEGORO JAGA II TONSEALAMA KECAMATAN TONDANO UTARA,06-05-2024
396.,LPK SEMESTA INDAH INDONESIA,BANTEN,RUKO MADRID JL. PARASEL NO.33 KEL. PANUNGGANGAN BARAT KEC. CIBODAS TANGERANG BANTEN,06-05-2024
397.,,,,20-04-2024
398.,LPK LEMBAGA BAHASA DAN MANAJEMEN JEPANG,JAWA BARAT,"GD. PRATYAKSA LT. 1, JL. WR. SUPRATMAN NO. 3",20-04-2024
399.,LPK FUJI BIJAK PRESTASI,JAWA BARAT,GEDUNG FUJI TRAINING CENTER JL. H. SAIMUN CIBUNTU RT. 002 RW. 002 DS. CIBUNTU KEC. CIBITUNG,20-04-2024
400.,IROHA,DI YOGYAKARTA,"JL. KALIURANG KM 9,5 NGLABAN RT 03 RW 16 SINDUHARJO NGAGLIK",20-04-2024
401.,PT. DAIMA AKADEMI NUSANTARA,JAWA TIMUR,"PERUM PULO ASRI SEJAHTERA BLOK F NO. 1 DS. PULO LOR, KEC. JOMBANG",15-04-2024
402.,LPK BIMA YOSHINDO HUTAMA,JAWA BARAT,JL.KEDASIH VIII BLOK L5 NO.7 CIKARANG-BEKASI 17530,15-04-2024
403.,LPK RANK-A,JAWA BARAT,"JL. KAPTEN ABDUL HAMID 130/167 D, BANDUNG, 40141 JAWA BARAT",15-04-2024
404.,LPK PT BARAYA INDONESIA GLOBAL,JAWA BARAT,KP CISELANG RT 001 RW 011 DESA CIKAMPEK UTARA KECAMATAN KOTABARU,15-04-2024
405.,LPK SANTANE,DKI JAKARTA,RUKO TAMAN MODERN BLOK R2 NO.05 JL.PALEM RAYA UJUNG MENTENG CAKUNG 13960,14-04-2024
406.,LPK KARYA SEJAHTERA BERSAMA,BANTEN,"JL. CIATER RAYA N0 9A CIATER, SERPONG.",14-04-2024
407.,LPK FUJI ACADEMY BALI,BALI,"JL. AHMAD YANI UTARA NO.311, PEGUYANGAN, KEC. DENPASAR UTARA, KOTA DENPASAR, BALI 80115",09-04-2024
408.,PT. MITRA BAHARI INDONESIA,BALI,"JALAN TUKAD CITARUM FI, RENON, DENPASAR SELATAN, PROVINSI BALI",09-04-2024
409.,LPK.PT.TATSUYA PERKASA SINGARA,JAWA BARAT,JL.MANUNGGAL VII NO 35 RT 002 RW 003 TEGALSAWAH,09-04-2024
410.,LPK LPJ BALI,BALI,"JL. RAYA PEMOGAN, GANG TAMAN NO 62, BR. SAKAH, DS. PEMOGAN, DENPASAR BALI",09-04-2024
411.,LPK HAMANA,JAWA BARAT,"PERUMAHAN GRIYA JATI PUTRA NO. 92 RT 005 RW 013 KELURAHAN PASIR JATI, KECAMATAN UJUNG BERUNG",09-04-2024
412.,PT. MITRA BAHARI INDONESIA,BALI,"JALAN TUKAD CITARUM FI, RENON, DENPASAR SELATAN, PROVINSI BALI",09-04-2024
413.,LPK YAYASAN JABUNG MAKMUR PERKASA,JAWA BARAT,"JALAN NURUL HUDA NO. 26 BANTARGEBANG, BEKASI 17151",09-04-2024
414.,LPK JAPAN INDONESIA ASAORI,BALI,JLN. PLAWA GANG 3 NOMOR 9 KEL. BALER BALE AGUNG KEC. NEGARA,09-04-2024
415.,LPK TERAKOYA,BALI,"JL.GOA GONG NO.53 JIMBARAN, KUTA SELATAN, BADUNG, BALI",09-04-2024
416.,LPK BHUMI IKA NUSWANTARA,JAWA TENGAH,JL. SATRIA SELATAN III/H.361 SEMARANG,09-04-2024
417.,KARYA SEMESTA SEJAHTERA,JAWA BARAT,JL. RAWA DOLAR NO. 88 KEL.JATIRANGGON KEC.JATISAMPURNA KOTA BEKASI,09-04-2024
418.,LPK NISHI JAWA JISSHU SENTA,JAWA BARAT,KOMPLEK GRIYA CARAKA RUKO AA.III NO.4,09-04-2024
419.,BLP3 SDM YOKATTA,DKI JAKARTA,PANGERAN JAYAKARTA 44 NO. 20 (KOMPLEK RUKAN HOTEL WILTOP),29-03-2024
